Alpha_Name,Total_Return_%,BH_Return_%,Excess_Return_%,Annual_Volatility_%,Sharpe_Ratio,BH_Sharpe,Sortino_Ratio,BH_Sortino,Max_Drawdown_%,Win_Rate_%,Num_Trades,Final_Value,BH_Final_Value
calculate_alpha,6043506831737.018,90.31997577470466,6043506831646.697,495.0532887346519,3.7688415792654353,3.7688415792654353,16.857120485427963,16.857120485427963,-33.5407471918152,41.98675496688742,0,6043506831837018.0,190319.97577470465
