Alpha_Name,Total_Return_%,BH_Return_%,Excess_Return_%,Annual_Volatility_%,Sharpe_Ratio,BH_Sharpe,Sortino_Ratio,BH_Sortino,Max_Drawdown_%,Win_Rate_%,Num_Trades,Final_Value,BH_Final_Value
calculate_alpha,90.31997577470466,90.31997577470466,0.0,990.1065774693038,3.7688415792654353,3.7688415792654353,16.857120485427963,16.857120485427963,-62.94199392660451,41.98675496688742,0,190319.97577470465,190319.97577470465
