Alpha_Name,Total_Return_%,BH_Return_%,Excess_Return_%,Annual_Volatility_%,Sharpe_Ratio,BH_Sharpe,Sortino_Ratio,BH_Sortino,Max_Drawdown_%,Win_Rate_%,Num_Trades,Final_Value,BH_Final_Value
calculate_alpha,-0.035938005285085506,17.978442801787264,-18.01438080707235,2.030080344808229,-0.018918469876233347,0.06492595680881211,-0.02332860740998843,0.08081595825944994,-0.11382563283884953,50.190586320613306,104,99964.06199471491,117978.44280178727
