Alpha_Name,Total_Return_%,BH_Return_%,Excess_Return_%,Annual_Volatility_%,Sharpe_Ratio,BH_Sharpe,Sortino_Ratio,BH_Sortino,Max_Drawdown_%,Win_Rate_%,Num_Trades,Final_Value,BH_Final_Value
calculate_alpha,-0.14043625837608653,17.978442801787264,-18.11887906016335,2.03052509978748,-0.07424609418881732,0.06492595680881211,-0.09149371225885973,0.08081595825944994,-0.16348175088686073,49.92753005371302,104,99859.56374162392,117978.44280178727
