,Alpha_Name,Total_Return_%,BH_Total_Return_%,Excess_Return_%,Annual_Return_%,Annual_Volatility_%,BH_Volatility_%,Sharpe_Ratio,BH_Sharpe,Sortino_Ratio,Max_Drawdown_%,Win_Rate_%,Num_Trades,Calmar_Ratio,Final_Portfolio_Value,Final_BH_Value,Rank_by_Return,Rank_by_Sharpe,Rank_by_Sortino
0,SimpleIndicator_20_50,-100.00037916534154,113.4572187053307,-213.45759787067226,-23.034822257464416,2389.200595687317,2785.699954453681,-12.416941462776757,6.814059041028858,-14.19350068779966,-607.4078053333045,33.912248628884825,1434,-0.0379231581405584,-3.791653415463614,2134572.187053307,4.5,3.5,4.5
1,MultiFactor_v1,-100.0,113.4572187053307,-213.45721870533072,-23.03473491773309,731.0259079050636,2785.699954453681,-6.60680806842121,6.814059041028858,-5.2407751152911,-100.72886357333269,0.0,532,-0.2286805797323756,0.0,2134572.187053307,2.5,2.0,2.0
2,MeanReversion_ZScore_2.0,0.0,113.4572187053307,-113.4572187053307,0.0,0.0,2785.699954453681,0.0,6.814059041028858,0.0,0.0,0.0,0,0.0,1000000.0,2134572.187053307,1.0,1.0,1.0
3,TrendFollowing_10_30,-100.00000000000003,113.4572187053307,-213.45721870533072,-23.034734917733097,2348.1750591509003,2785.699954453681,-12.519707705938544,6.814059041028858,-13.795778111299853,-276.3846710934799,30.675422138836772,1421,-0.08334302632124703,-2.220446049250313e-10,2134572.187053307,2.5,5.0,3.0
4,Volatility_v1,-100.00037916534154,113.4572187053307,-213.45759787067226,-23.034822257464416,2389.200595687317,2785.699954453681,-12.416941462776757,6.814059041028858,-14.19350068779966,-607.4078053333045,33.912248628884825,1434,-0.0379231581405584,-3.791653415463614,2134572.187053307,4.5,3.5,4.5
